{
    "rows": 191,
    "columns": 7,
    "missing_values": {
        "url": 0,
        "title": 0,
        "paragraph": 0,
        "heading_count": 0,
        "link_count": 0,
        "table_count": 0,
        "html_source": 0
    },
    "duplicates": 0,
    "dtypes": {
        "url": "str",
        "title": "str",
        "paragraph": "str",
        "heading_count": "int64",
        "link_count": "int64",
        "table_count": "int64",
        "html_source": "str"
    },
    "numeric_summary": {
        "heading_count": {
            "count": 191.0,
            "mean": 41.83769633507853,
            "std": 12.903277549030024,
            "min": 27.0,
            "25%": 27.0,
            "50%": 53.0,
            "75%": 53.0,
            "max": 53.0
        },
        "link_count": {
            "count": 191.0,
            "mean": 1647.0890052356021,
            "std": 1173.2056971502684,
            "min": 298.0,
            "25%": 298.0,
            "50%": 2662.0,
            "75%": 2662.0,
            "max": 2662.0
        },
        "table_count": {
            "count": 191.0,
            "mean": 3.994764397905759,
            "std": 3.4739593401234683,
            "min": 0.0,
            "25%": 0.0,
            "50%": 7.0,
            "75%": 7.0,
            "max": 7.0
        }
    }
}